16,"16,8","16,8,8","16,16,8","16,16,8,8"
0.85846836425499706,1.481940355398119,0.97752960199089445,0.5514532921244184,0.55653636334424395
1.0694900370491971,0.58276668625903849,0.74649716101454855,3.5914640507143281,0.49268413677244199
0.5399309227755642,0.47432524984194341,0.58414659560575233,2.749950200942155,0.59361600391844149
0.65674103451783405,0.92476512820482581,0.54902125706342475,0.49924403237820991,0.77206375806547989
0.89718341920926592,0.45971763319213288,0.59765170896720321,3.3092812877697919,1.2355581785383665
0.85032602900313647,0.48473066896602918,0.73894655567619627,1.6546743894621625,0.96374924496725956
0.4778055332267529,0.4931831343740487,0.7043194054756351,8.1098508356213568,1.1536256515373573
0.64839471457439413,0.67800033349076994,0.63883057690718159,1.4406196578672026,0.40693762607110978
0.64510835481950635,0.43485450588164298,0.5015669512293518,0.45423748389742441,0.43009721642559889
0.45400879848457298,0.42936441876831161,0.61795014116608904,5.1600100317670661,2.9737966974552283
0.47618226428116928,0.44695347589470141,1.0111370558056765,7.0555628910547536,0.4183656584021439
0.53406257942625168,0.71515277005649902,0.57120855575648977,3.2430425430924856,2.6174004469998362
0.50286398891648809,0.42760162191768408,0.97280683791832845,3.35896155053456,1.9855649383412823
0.76807831707430796,0.45596798344286871,0.55850392492107725,2.7632890081563168,0.48401801293359592
1.7238117925724192,1.0381598732668671,0.45475603334965897,5.7159401517283106,0.79974615239173574
0.8300870345629654,0.4162751517070068,0.89917857782705546,1.7915157483169093,0.3928342970480363
0.58494604209931111,2.5953741122754468,0.6626066476187219,1.7883186185564257,3.3038234122802246
0.44933589384708861,0.50665551501308337,3.2910500407102812,5.8738375460887422,0.43654222622699379
0.95390928765026584,0.5258148573192083,0.48031141314325648,11.184116459561803,0.64344159892149755
0.49651525439543032,0.41115943656842308,0.75885159683343595,2.3908089910707231,0.98132746939771998
0.54016796352277208,0.90989895705131985,0.76625157951964518,1.2108698088948453,1.6925645579548534
0.44625205027807852,1.9561572064104908,0.70690348192804975,6.817914878587402,3.1489828281015466
0.4795277387471697,0.68726795499366222,0.49877010088192741,1.0524038490431027,2.463748005316313
0.53511270283063961,0.57343870628773874,0.94532146913112325,0.75855553305608303,6.6656946674363224
0.443249290374709,1.8416488048959481,0.54247884703316152,0.81234406659940206,0.762649771731014
0.45831311127960928,0.55125105654701045,0.96159656283391926,2.746822969054445,1.3514818001140303
0.67417961339190979,0.64382509703176227,0.40931409972945049,0.99956310818198357,0.39077407263761249
0.44223965225257528,0.41490480770299709,0.49967512919350471,4.0149971369912496,2.5934395864493847
0.47006972947788639,0.79732491485486612,0.46703067101390749,1.5751851596984381,2.2986640926352986
0.50906025707381775,0.56180015343469991,0.5306836721515753,3.0017642846693038,2.6655983361526312
0.75600365815531434,0.98534516233858416,0.72413615521369445,2.4878030284697474,1.6819158132593908
0.69004526399480759,1.0020628030993897,0.87992591767125528,4.3057442312314889,1.278513725391011
0.45555404351106288,0.82997335506542524,1.1762698516631629,0.78633549808294856,0.4342963813209515
0.66026706051078821,1.4933644891213831,0.59295042668561315,1.8782160480105288,1.9364113051472955
0.97821017200915739,0.85745657074613502,1.287720824072718,5.1143996902428697,2.0299661806896472
0.80186058806303551,0.53989302241695192,1.1511264018140617,1.3850455074315646,0.38458040527559639
0.51715114953874675,1.0761090890691525,1.2920635411389809,2.0732325694059863,3.3876586739844363
0.61990705833602888,0.82651696992898815,0.53438514339361609,5.5821868896781188,1.8810685590115339
0.58781423013276857,2.2556261789350152,0.91977217491739416,0.76334091811394877,1.582197843775736
0.63972920534733291,1.1924688830128314,0.52126782438535224,1.9877771638618009,0.73772694064181044
0.66670176434615402,0.50612893932078729,0.77333496440117699,1.2180302164942882,0.8380958535289611
1.0616740594874587,0.39429092950649769,0.39747633012451677,1.4314837125051556,0.39119713827101998
0.80546182652016274,0.84932270323532011,1.0202317872127695,3.1469313891445974,0.4460788555060668
0.44260927169887321,0.5369812430384836,1.2593537533710011,5.2339807477628542,1.3628699933388615
0.44262574773799518,1.0940040466176926,1.3748926113794826,0.39043910407089288,0.37964174450407651
1.1594483966850373,3.8874658650982026,0.44381831393218368,0.93412326000258639,0.6920446797915677
0.44223158615798669,0.94575279144613045,0.73323195545652964,0.38902217985938409,1.1014520420230334
0.47940483984380999,0.50129175243226543,0.49885862754104282,0.39017482262007702,4.1375426813426142
0.74201557900178283,0.52674238545815943,1.025737902797216,2.6850401334173686,1.5058083460867384
0.55807691697073036,1.5462290090806881,0.81726374252860479,0.85962672273916263,0.41693955387317999
0.77364850567321997,0.89569889155869764,0.65717898584095391,1.2350673018495828,3.0202526087211088
0.4882159033387084,0.92877209391972304,1.0705371133397965,4.3023332383066446,0.86203983322510103
0.45151696862272439,0.89832824849734871,2.0458880813984641,3.0623202597382928,0.37778229392584339
0.46253909226478501,0.59617412579810825,0.88911541078972023,1.9238581312355056,0.38020948653808229
0.49914219015821581,1.861882904243366,0.43651039725759588,1.6136284963151664,1.0872652025466212
0.86960785133245377,0.71977425584037613,2.1676239899333467,0.51924997996552946,4.0088816334317148
0.56563284494858701,0.39846227549178281,0.45486029549050699,0.4059263262242534,0.49354033334090008
0.50331918007956533,2.5267168244530001,0.65584808978547227,3.8998839562038623,0.62438053337029886
0.75624009292539252,0.56132407646812754,1.4586485110982601,0.49277867789379137,0.62810271200111434
0.44488834718360332,1.0009080148706764,1.8587005620295969,1.0186481749437919,0.77320432009073092
0.51449751208098404,1.6510513442242063,0.72711855505994238,0.72760910285648028,0.68459649161495473
0.54770947479478138,1.1213826856709372,0.39308597233256559,4.8755971764017323,0.3749397021719974
0.54415862061768061,1.4337192111468706,1.7826619464628122,0.99324854685397956,0.37971192066852721
0.48981266583244498,0.87656524059345575,0.6423861609515894,0.39210095242008708,8.2427679537938321
0.43551026093576689,0.8125985546438661,0.60360508735640961,0.92036237516475083,0.37532667721767471
0.55425431965584571,0.80070950896077442,1.1116839174325934,1.1558510787512095,0.37452552444553711
0.79853595259850318,0.51321643237886438,1.2090284606110964,2.8187534576921869,0.64659190703371228
0.48679157055204542,1.235116201349818,0.89267126900795823,0.64881426134105535,0.3758893997935096
0.56180376538553711,0.90641517095975277,0.38934726737571063,0.70891048787935396,1.3515748126464118
0.98998567030571716,0.39481069136600699,0.45178703086964589,0.6305753497341573,0.77302635877872106
0.57104961064833115,1.6696723279386525,0.40948589892404208,2.7084049808667809,1.7194115900104967
0.51434223215573149,0.38424768505565171,1.2836870341486362,0.3809872208131877,0.98873581356287443
0.44860463155218527,1.2010348184332094,0.39096416202040118,0.91213881210242875,1.1588071874290646
0.65270625035615404,1.0847514480868177,0.70027101717677298,0.90256560100418082,1.6085506999393393
0.4368122947777312,0.9369035347961806,1.8425664646178119,0.65441590556060214,0.4061918407596018
0.4348282896290615,0.47342843190901818,0.84521831878823717,0.9588766826947388,1.1667898910503549
0.51630054105614975,0.87744097699474344,0.39197071648448462,0.3770600102655684,1.914388630250903
0.5558901935409668,0.7455361330446254,0.44151793430069708,0.61173224365679613,1.2963039935908691
0.57959650516687589,0.72172466493557386,1.6599894568183411,2.9824021181810361,1.459174288679953
0.45928230707126838,0.68862486022377756,0.55055882811683288,0.97830809313281164,0.60622002957565646
1.1692548004575474,0.63632798134398894,2.0615772059998601,1.5557625023079495,1.091420284751055
0.4368535091108568,0.96366064095325799,0.95048333424079723,0.9976467230354864,6.9299824942362402
0.43765379208501232,0.85463338104480835,1.3927939836395853,2.0059147310606864,1.222998069621861
0.4826573225967114,1.1362282261442502,0.58880980929600923,1.3451495023792659,0.37874012419066089
0.57726123731629086,0.58089568305282124,0.3860499807761224,0.37971034512145208,0.42959108298843418
0.56622694022135678,0.66166733605574068,0.65964730130687288,4.4037922428041467,0.5484352191458185
0.67728475074979755,1.2741887603102739,2.742719214933071,1.8634914288331339,0.94235665035369642
0.55997975470043715,0.38375986775813981,1.1602960662382438,2.1830703713749009,0.49655659922194612
0.59316629355715667,1.2696527363291621,0.94014146975633461,0.62042878081061759,1.1229252173334403
0.50554728802418869,0.83048739792425585,1.1374548296661813,0.8305068200903053,1.1085404891994419
0.78845607483263591,0.96992609092752757,0.85021511744255729,1.2108616867918174,0.42843466829820798
0.45558748739674299,0.88469855416212395,0.40968463724573739,3.9517905840232799,2.5593599840551398
0.55951810739136243,0.84825892760636734,0.47244719414384279,2.7758621911233319,2.4610945207747892
0.44269983453008649,0.93617247914630763,2.0462528750795879,2.0947450760306303,0.60706186908059179
0.63055872281186087,0.82310010003642164,1.1056465736461629,0.37328563190254588,1.591252506427081
1.1970137123533462,0.47754886165060451,0.53652431554746205,2.6626218134947881,0.43172312294618009
0.44560478324467317,0.40740292386331628,0.50283267055210035,5.6677133088411109,0.36616525415731022
0.72357774458205082,0.39698034889606559,0.68063156664617641,0.45148714887108909,0.36624871680982068
0.59835991189567517,0.76300214188320314,1.3239568103455248,0.6035720981691437,0.75183022884647599
0.44395366916981971,1.87205643803943,0.57484238586255498,7.4132278214500307,0.85289416259016604
0.58872071804731807,0.38006228013272642,0.52737111034554707,1.7926435180208991,0.3644495851036435
0.43541048059491888,0.59064878504980878,0.84507794968194228,1.1205605541352943,0.37050034433297641
0.54737505626310401,0.64793519042993475,0.73026064070021368,1.2564650682680689,1.3557819958494814
0.51647961693062483,1.0205509001962711,0.56811154711204637,5.8712969569836613,1.0274368977150969
0.72983042167386758,1.3613671328642951,0.3820289758784004,6.9325641021193913,0.4319359843026998
0.62432257488750786,1.1372595040861353,0.38421439340535579,0.8652676610391129,0.74305309304562173
0.44267128800824229,1.4723619339356571,1.09200995989265,0.64198309877564153,1.2314188824073702
0.70320182108491758,0.75901832157830029,0.90450704608553678,2.5264995219427995,1.5448184622890164
0.74260963122064405,4.0639965106385789,0.46592516997232147,1.0425622011265532,0.36417375253247503
0.68518866054646788,1.7264104228759185,0.38038794959145028,1.1049521280643977,1.1275098238962034
0.45782521024130912,1.8167582347962048,1.1307892868490772,2.301469688585128,1.799344402497473
1.2385189480744585,4.4036651612302036,0.46336220580344661,0.37801634447826138,0.77361853285544402
0.43151847643666491,1.6935407149864996,1.0614041106839591,2.7194998681817228,0.56512708297936065
1.1945904515481045,0.64003639916822253,0.52670293692592496,0.51715994337263615,2.1428018853488742
0.50159940505006473,0.69767861469394088,1.5498454493398646,3.227352585682568,2.0365474537694905
0.4432708633714349,0.3961548903245154,0.43150112264172619,0.38023099313813807,0.5897146100760684
0.46644150966084991,0.51640857437425447,1.1487168456585919,0.92535351355207762,1.0505127106142471
0.58434927073476284,1.7432197326863672,1.7990575893239169,0.5022405594235837,0.58800242971719341
0.6986926438892257,0.9005026155987127,0.46997782903441832,1.3313004953496652,0.91475383211126082
0.60961644201148668,0.97227095276288822,0.67421313312324549,2.0148413356398978,4.8742602284528926
0.58709961878006578,0.38086704049535208,0.38036465425312999,1.5698601268817955,0.47599212381099443
0.52243554052233909,0.58094036416722283,0.53957296218007578,0.36974592242881088,0.4858415149792718
0.50283176307702415,1.2691019542576665,1.3385401534921315,0.5008293226720576,0.92469134896535099
1.3145524921964775,0.38010585459896079,0.83327571604797124,2.0182650355954355,0.53777969039107487
0.54685855286820229,0.50259500021673142,0.48712437908747941,1.1225718696032172,0.74736497328309981
0.59175288348166177,0.98656305732146965,1.1832424868083613,1.302958902690684,0.77954784537789867
0.43179755747711368,0.97259921699463758,0.50167148975275599,2.6839657905316683,0.73220701770843488
0.45006272688678611,2.0113710284114923,0.43766527205754457,0.37085643044955868,0.79150802206444737
0.46074579184822489,1.7615525861880048,0.38644037219334848,0.3848119835568381,1.024101223970197
0.47081009247470068,0.6392511793990413,0.3766385615208101,1.4977899384319799,0.40043259217784449
0.43031339462282481,1.707636740738137,0.51839012212480307,0.48721697118547458,0.5371249189848547
0.57180036653552291,1.100087188618676,1.5750862861123109,0.46943143532244019,0.6106768778951156
1.2349180184376385,1.9188672404214424,0.55586456397460859,0.49627676101673801,1.4094186513002676
0.8425602967848731,2.602384037180296,1.0133753305620516,0.86697303460972441,0.97807316866724403
0.4937293638305072,0.61937114773125446,0.98644546414803802,6.2161369824389148,1.6547272690116701
0.61788717964326034,0.9023881592102112,0.8465730602682815,2.3466472343602054,0.49356788330919271
0.43374197057608349,0.53103641272514968,0.55314201636921556,0.36964721087954161,0.87472061511390597
0.52450077483041391,0.58756387172583724,0.86170341739657608,0.67716720960315868,0.84426761601320388
0.42990943671762838,0.37631519233412802,0.51271708933795734,0.54931114131322767,0.38918168967168482
0.48711328863314179,0.95663322213059721,0.51140546700465794,0.50388285816744705,1.0010822324895603
0.60747878598820504,0.37492102213096867,1.1446693665066436,0.67377483482577183,1.9307425394580489
0.4351387724538997,1.5674220012722095,0.51077956104609712,0.51227190504975795,0.42823042356614749
0.43000282102153309,1.0859226380307958,1.636454890515789,1.3363360203553103,3.3506306084498387
0.48739327468647581,1.6271457525871271,0.85798084810610631,1.1749407039168849,1.7271114905757534
0.4303410080364205,2.5247163740156719,0.37470527675015652,0.47125066690082029,1.1263067385523231
1.2053703227589516,5.3593710619780657,0.63734598763893335,0.71948594356912765,2.2225650832723249
0.44258710364835713,0.51916350096437358,0.78904811732815006,2.036949421580081,0.60373502126188006
0.45001893030712981,1.0076645650917984,1.5402114448633819,0.64848819159851534,0.9114694662559204
0.74096597279574083,1.3880267669490369,0.59303964098732187,0.47860143038929942,0.39263599689114409
0.91439601075667698,1.4578733279043992,0.76708786378741389,0.52121136045465344,0.4146035663546388
0.70135048465576344,0.55373198091469622,0.97546333977231336,2.8457891108732372,0.53716367813097232
0.44873054694578079,0.81396560282056263,0.43412605833044038,0.36491259948910809,0.3736053454223619
0.43229476259207572,1.5935748186395888,0.38013186329231963,1.0372220333977973,0.35712257892939248
0.75959745152615699,0.6077876454598794,0.50358068134528755,1.3315930543222392,0.35688899834275922
0.58694578698337385,1.264311026767597,1.5075032158635853,0.63982648253023344,0.62469777228611667
0.4973313676423155,1.5110922301968446,0.65995216100995302,0.5331874576001352,0.4343630857578944
0.60983603233211525,3.6885019342359029,0.63952219620726003,0.48333474917435743,0.71439017336449473
1.4604278085069051,0.48035830437737709,0.54854066761048204,0.36468916706085008,0.57128091439310802
0.51932671933245078,0.47960280278120032,0.42799459737326351,0.98390621823860502,0.3580313757077016
0.4285762954777273,0.58058664076243971,1.5046770494284982,0.82734183548259399,0.48730149706993459
0.50022520383241964,0.3735914617508489,0.55255655571673168,1.147214961443904,0.44377408194062418
0.42955818206336283,1.0610026309139264,0.86333846928382196,0.42231632125933199,0.36668909183775561
0.56712605765309709,0.37426881276072282,0.6476736977864419,2.2623128473762555,2.2126476439623368
0.43056360900179469,0.48522504092963809,0.75819633433018652,1.3846522009025677,0.41692948043296307
0.4739955040696166,0.91509487038030601,0.54146621178758325,0.46105379675258612,0.84030134496152487
0.69646941856378064,0.52467342890597279,0.6665471238822519,0.72251115025635737,1.0988136210614243
0.4511358691006857,0.82281294951637285,0.94490180703884996,0.36387219672103421,1.023613697820595
0.60374455593837184,0.79342272686383897,0.74376797214441948,1.2743941095161559,0.64640291851596698
0.50941813252502377,1.3922496947516962,0.75501699660733324,0.77218750621152121,2.5487339340191082
0.50070661129159777,0.74662120088818462,0.55006399955788476,1.0295318012597556,0.70685162085388342
0.95245323823680339,3.5941980831501827,0.3759849074883117,0.36610415740451441,0.48829014840814522
0.78878520027948906,0.59360344363995521,1.7590921449233066,0.89480454555752076,0.42307880659763242
0.47330092267787971,0.58635741888991644,0.90801400067769877,0.5307473659810219,0.62654370446852103
0.48875447124965032,1.0904759014556713,0.4445236687517774,0.51788487655893956,0.86850673068928841
0.42992583519606881,1.2381528831545872,0.38798893523764488,4.7213322292913125,0.4750622792312485
0.8923541416147065,1.0050356133868428,0.37930011304314848,0.75872681617253501,0.72671531539644252
0.47535028865750401,0.61605116762958623,3.7497977256180177,0.60521539262010871,0.4384930478301336
0.5283018723006101,0.37354608811362477,0.82146245861690959,0.36804928207035359,0.42832435224033227
0.47844646560917131,0.74902032717259959,1.1086751210648902,0.61360858656826467,0.41343067119228338
0.5471045694561113,0.50714541529118018,0.37323965174775842,0.5701030301502672,0.35374193481830518
0.6802548945176633,0.5338413354966306,0.37693108293685629,0.80030472365635941,0.3640005882809858
0.43741995463600641,3.1472045366850274,0.52160178311315264,1.0179276604034226,1.0304987887686363
0.64539571659086092,0.56650801919118554,0.54920204842955533,2.5313898732236897,1.6324018134222711
0.45876073895261388,0.92032464854377716,1.1310078628091005,3.3271466452499925,0.37701340949998341
0.56525081890507223,0.9790829162942446,0.47014684791205302,0.48757953486695588,0.37443765682736457
1.0181412594686221,0.99224173800066562,0.53380421543090539,0.66220130357003337,0.38627530502700941
1.0003517041726429,0.42575017510420371,1.4390708948463491,1.2530711379724293,0.370631548030464
0.59121156170883071,0.95449092623941023,0.48831341144295748,0.4169649027897836,0.35442023258085231
0.53876501268593813,0.88859151268905578,0.37753687979842648,0.84618857543964099,0.39814159830415091
0.45487270180025369,0.50652419327497911,0.8867729718068601,0.4212530203778091,0.41523599866578098
0.57019800460751424,1.2611901811255255,0.37532210999928639,0.53602414293006095,6.7579046379407357
0.44545893786053309,0.37145632631261538,0.7167440420950556,0.51509373499983302,0.83369895614101419
0.56863225331371536,0.703207082076863,1.4790442343761632,0.37571816828258858,0.47130560894428492
0.80400835114468516,0.70752349390179614,0.54779974922068841,0.57673834991731765,0.37616084520666709
0.4296449503652871,0.45514911942594638,0.42800115193451949,0.83488713922755764,0.71644363116976351
0.4876304526216087,0.37218953895243623,0.7858222473419888,0.36394518483482552,0.39164423900826428
0.47152770545852829,0.49071114292310719,1.2299454590990511,0.7844359530385846,2.1772932539901642
0.54332062286502059,0.45913831011454492,1.0712076921350704,2.0444570080060398,0.52513508096967321
0.43033859369166999,0.5081057382172437,0.4770027179885965,0.71752289297981742,1.2679122412142978
1.0723586262226723,0.72228955979806098,1.6528988248127772,0.45447388882935008,0.60808691061038878
0.42775278004219308,0.60634664534277916,0.47080366622040859,0.44597515353019851,0.4282775658057511
0.61112654424010326,0.59074503410098278,0.92453939124345041,1.5950747884259278,0.91092093777319538
0.53217969290149658,0.47494254934092239,0.36986701198345479,0.53347966205750308,0.44260876825278572
0.64138215818829092,0.87861557785715505,1.3375459687459357,1.329018697823098,0.7545862759453269
1.374764966121848,2.0043499052611611,0.54607000073026934,0.59801214941064029,0.46289668633766151
0.68050278027389255,0.471463600280491,0.96474950217426836,0.46577372649501031,0.38049315219032598
0.4498385199462438,1.083372898702887,0.75798924393030076,1.3650920173967009,0.35236033973627051
0.71878687563189736,0.86963039098900918,0.45343957400926632,0.36119939799062722,1.5848177254186555
1.6407478525136749,0.74458563050013993,0.47103944398453251,0.94093345587227895,0.98444311042888444
0.42796006048694291,1.1569520595508731,0.67606151280347337,0.82066440011221631,0.67998616686474755
0.44137534912004911,1.1750815051189607,0.46773518748071391,0.44436889913394029,0.3699844407410337
0.5674415794068931,1.1320261109146199,0.39437851373468591,0.46045379934585939,0.56688383031383893
0.63700392455915444,1.0619472711099434,0.82414838904541265,1.7436248585323046,0.3695362481448613
0.57080474338524156,0.37165902594394629,0.49359592526574397,0.44102510378226439,0.52623262040353669
1.6149472298209602,1.1574582477984998,1.2003679709195001,1.1986093316870192,0.40973181105612871
0.42557541735983739,1.2209084143539446,0.93495015130076142,1.2709160915762134,0.38037836869410141
1.1299481185281577,1.3967313284780298,1.1044449046298099,1.8009503049145117,0.3579793412770097
0.66755297930797453,0.5722465112390952,0.42198139796753947,0.45107356318351272,0.43775644962224242
0.66885318066060595,1.0160409202517915,0.73093136423130645,0.65101351822776321,0.65717161617818176
0.45205495426161058,1.876204360325848,1.3791313802365064,0.665885759514107,0.50666356788390265
0.43190099727943321,0.3716869925128975,0.37092377827958029,0.62860362450445273,0.3903193090868054
0.4485128461357053,0.37734207799751529,0.53924916687312596,0.36055155133440481,0.44714679540312707
1.5203937800845659,0.43310443212949279,0.47368599401086359,0.36485688581591152,0.39916662717739998
1.1727273689019972,1.6073906436888277,0.42872896601700972,0.92029299002626319,0.36023811467587752
0.76648079894332544,0.37262466782828529,0.70599606307768126,1.3723044724820213,0.36355459754132108
0.6247129338486499,0.45826144923096779,0.41985289988520758,0.57420369683530592,0.42024749397001609
0.64006770199024843,0.36759683834648432,0.64223091150234213,0.4696615629510375,0.40388736934530939
0.50685436319266985,1.44189592794729,0.99265570895063804,0.68566808616283637,3.2173628127036418
0.43149780236050311,1.4337116031697741,0.4119251915907215,0.41433562655987582,1.8615532172793028
0.59771345617876981,0.3665611686959212,1.185316845738307,0.38100943749136479,0.41059146077656422
0.71214785030446526,0.46725886914929909,0.59029760765582118,0.43770968099136598,0.44178444667575889
0.51357141931566941,0.36729365015875309,0.4435746587590067,0.42786710707731851,0.40139637286289659
0.59590862601453165,0.40556579638759688,1.044073321917133,0.66558951981789038,0.4133632816866783
0.7198215826614307,0.53254456491267443,1.3455284754469377,1.3436629112653635,2.0719089097729477
0.7060333170852382,0.49067606328498797,1.0094975126498349,0.95334346339467502,0.58466780818853392
0.64918795423930942,1.0151366681817329,1.2414224450879161,0.36119601600686069,0.79468156812464241
1.2861441195500949,1.3964979438954339,3.2011599855164059,0.41761961949500059,0.38657419657853148
0.4386692921491791,0.41018816039133849,0.58498698846578667,0.56637418888607627,0.39585158658085279
0.72499426524572275,0.3658152583596232,0.81621862780468757,1.1305116274351985,0.60250572870907448
0.47773247427046162,0.72283660721995724,0.47105496773303968,0.47817977393155381,0.36635262169673771
1.0113524637278315,0.5980127889450283,0.61056111113624878,0.88545116400377921,0.39321509461659088
0.50540083861689078,0.84037842125935436,1.9380319962809489,0.45706037250405962,0.76454416925118207
0.47262987591234468,2.2250503056377555,0.42747783556718377,0.64937380818066548,0.68476711745005758
0.71077994857753324,1.4743285708160925,0.42711097076946802,0.76983032155594089,0.36135973405622751
1.1480331557391763,1.6021480083602466,0.3696231591863422,0.42536254068013518,0.78153277388960662
0.7247277425721077,0.36680102489622229,0.69801964863777621,0.51452341844786398,0.65165882649561324
0.65068327208546795,0.36604679587764211,0.65923220924875692,0.44689331092612772,0.51603241496638041
0.96117005498911445,0.46798696770487841,1.3967662410097861,2.0540771701815301,0.37890580525163992
0.72414518238704217,0.46559782870179112,0.37603220342799959,0.85039105074725907,0.81639336871482648
0.46920755084934651,0.7137868330769388,0.36790313047436751,0.51253564618722058,0.36671531821108261
,,0.38654375750935838,0.36242933301504288,0.84808727217241275
,,0.76663332785269733,0.36087866833905979,0.46370217945889219
,,0.36886098663964301,0.64140350732904428,0.36596323419051757
,,0.53070900970318335,0.35978083880727418,0.49939046987325258
,,0.78151868374707201,2.2579775050490016,0.97444248569543679
,,0.49016783521413149,0.60718841484194264,0.35059143611281801
,,1.1440121357134441,0.58806581196302676,0.37482229855604959
,,0.46946322359702491,0.88266427261764735,0.3577837639944616
,,2.994984697729453,0.45551254346205688,0.37348394086509851
,,1.6391745328391734,0.68645593209986766,0.36486347443429601
,,0.47449268059231292,0.64548253813082934,0.39239464476162161
,,0.40229409525146698,0.74130364824682804,0.4540878187537542
,,0.84472467452168987,0.56211242937690564,0.36610138925671598
,,0.49905928995061988,0.42743007177333919,1.2130114890027412
,,0.36723401587098581,0.41241114107111959,0.34956801160961087
,,0.36724133039643891,0.94228110621372962,0.34969137326297089
,,0.54660311267518025,0.42985025966121349,0.3633648970939532
,,0.396447825462581,0.35900956844807802,1.9643612682898279
,,0.41262337391120119,0.36152027411444138,0.9056507176790044
,,1.2883973857028843,1.7573150365623988,0.34896295230831742
,,1.9443402357528681,1.30468975824153,0.36522161609797987
,,0.37671280500308357,1.4811893577627149,0.4909453863445391
,,0.50197397607558081,2.2664263306878003,0.54049727581756846
,,0.56838981871413896,0.43697193877403478,0.4862879150410585
,,0.53111042552333609,0.73499163937288947,0.63150590760417802
,,0.478793226377765,0.4202162128251089,4.2752750066340024
,,0.89120134293155473,0.40847164171265982,0.36225327647748762
,,1.2916859569029453,0.39367122804440102,0.47827079576661391
,,0.37006940605455679,0.42277137839339968,1.0267447688911826
,,0.787030272042749,0.51029628905089219,0.36737466525772849
,,0.72317101895710711,0.38774131810664397,0.35945700613905379
,,0.36677087962045241,0.85758830432664657,0.36659485961758292
,,1.4998564788701123,0.46887899873303279,0.39131562284809801
,,0.59423516490496486,0.73742075412541053,0.35748968319841679
,,0.36653888680747893,0.82421745662036416,1.1651983003699269
,,0.54439469425029241,0.41562167368636888,2.7141917447119384
,,1.1467031981538465,0.91614993203303219,0.96625136839490477
,,0.36706367084047398,0.36158725472397307,0.36491981380609489
,,0.71199943093059825,0.4644913128849536,0.36111380045424601
,,0.44040843926732809,0.65067153074991713,0.39046122243593001
,,0.38733770480450819,0.91132006538007282,0.35773507970624718
,,0.69618015632334018,3.6336715801072961,0.36315731119093447
,,0.40268077263310043,0.41663313460131052,0.73680349421732005
,,0.61922564273828062,0.36099645650595391,0.37060180506956741
,,0.40744476939514501,0.7153787794443317,0.76361768517517936
,,0.36780645029160791,0.47060268425690371,0.3583823947040799
,,0.80198662063599579,0.56367871292850658,0.35675423411719559
,,0.56231821550797523,0.4404748816662391,0.8819018177824558
,,1.0460156491089148,1.2446087274232476,0.4194085043605883
,,0.37076090431548941,0.42417852608864248,0.44875488646686817
,,4.0697378008830976,0.35777380203052828,0.35076429469956139
,,0.86622929687069028,1.0036153374720436,0.82818266426552556
,,0.41022767597971282,1.8048964322908725,1.5432501507090319
,,0.64415338878170425,0.3588935756677773,0.35029589352744089
,,0.36835921955735718,2.3761773327946569,0.36591859035769031
,,1.9962202539572611,0.35781789838953759,0.38509519219581351
,,0.3660912066799541,0.35791910657903708,0.35990244073619487
,,0.59774945586801831,0.39869046819354409,0.35334074811716432
,,1.0297202660108584,0.35777073064084491,0.54209230983445766
,,0.38679922499568742,0.91131139298684183,1.251025696764505
,,0.3671740619947354,0.50193912281920749,0.3699189751702518
,,0.46807368498598378,1.5240851454149211,0.3852038118046815
,,0.90795935968102504,0.67148077600700051,0.4713196852349501
,,0.66017325015535577,1.2176725167849425,0.42262498913573898
,,0.53781135866915863,1.5061659955276321,0.34919343951512322
,,0.36583458451196271,0.4056489540342722,0.3486073621336111
,,3.1314297265588618,0.42280047920021452,0.41523417384108541
,,0.44581867820383958,0.38094627836253148,0.38019150414380493
,,1.1955633799406722,1.5863730125288775,0.67001679290645444
,,1.1730171652867216,0.45757142168888132,0.39119023506315348
,,3.1319004268865109,0.59787500189336817,0.44718812501313532
,,0.36639821359047747,0.46983782276892649,0.34813288187714081
,,0.36613516394202827,0.61926471253648141,0.99049240501915936
,,0.54144490738312379,0.41228554885497187,0.59217393233695614
,,0.59740026880579011,0.57082194036113076,0.38576595515730311
,,0.40911674537210041,0.88081102241280118,0.49857428591337871
,,0.52951209960288137,0.42235434040313691,0.39509817277325909
,,0.51689904360101768,0.41363751003731458,0.3487159765028594
,,0.56572967801802421,0.452824477047232,0.81005013348871258
,,0.56457972641914389,0.65169839786513606,0.34988015292906188
,,0.36599482938433792,0.44033457307720592,0.3568114718150513
,,0.58896305715186725,0.5503995537203783,0.4287841029920979
,,0.76092466725081109,0.35732388652043101,0.3844006579358612
,,1.8023534743729237,1.0178244942844354,0.69429922795532539
,,1.1145166692722912,0.68770559477619053,0.43071976998422129
,,0.50887803549463451,0.38932221425219082,0.34896172245581941
,,0.43924985091845881,0.36722966132456109,0.37645862896770249
,,0.46030406454988348,0.9093413511671492,1.0444147909874608
,,0.4325383837283312,0.38919160995029928,0.52143562051724912
,,0.55060099329827128,0.57505507160523228,0.46258457750093912
,,0.47345983159628979,0.41587670015255679,0.41851785217787613
,,0.64947133471817242,0.42930182792664279,1.1182953489408307
,,1.0185785726972418,0.46156789254228742,0.36481834007636432
,,0.46051802287904448,0.72430108277034888,0.54015064099569099
,,0.46865761917960352,0.69613642665971698,0.42695366034836729
,,0.36537315535487969,0.4502439289624322,3.6396584460828585
,,0.442690548926361,0.40580887967205809,0.36322884167368691
,,0.80415325180791708,0.78884793112290441,1.1680744957923721
,,0.64814331490342281,0.35762037766146099,0.3473086632322005
,,0.59808693938680413,0.74170670727949184,0.40338617121171261
,,0.36530422879462998,0.50247628782812281,1.5969514118371011
,,0.54577799593346388,0.48184829652260308,0.36631597746259698
,,0.3818385532353839,0.41583748260967263,0.43160338538136139
,,0.43126981654207558,0.53987506063957091,0.3480402387131909
,,0.5987922550514766,0.38770098681875798,0.37617478418604139
,,0.64835507982945506,0.4618542857027324,0.36548092168344259
,,0.3655400801086473,0.58912939732407765,0.42363214517363468
,,0.36513916488492149,0.40201809548172668,0.36060781889973048
,,0.36485888082419099,0.44539096475249951,0.35845037288069592
,,0.44301794382944309,0.63039493250962564,1.2706087820441063
,,0.54164762379179532,0.4154526921086919,0.39306615912859649
,,0.44648207427291181,0.44577001570259461,0.40159847451038061
,,0.41970198842750039,0.56424320107108417,0.39481469652091861
,,0.36567370860522369,0.35595470888788328,0.39815605094247858
,,1.1312738890228882,0.42906311088635951,0.8201142401367415
,,1.309959478354306,0.75984870275654959,0.34712147373338997
,,0.38218917942399022,0.57139531864553772,0.34964659176389667
,,1.1196638551765918,0.65052741361818278,0.38971026036932871
,,0.58180397869659151,0.94061087410456035,0.42129387157917769
,,0.42583608480646568,0.67453052121183843,0.41344217900402608
,,0.74451639576369233,0.98558585131968435,0.35625643645172039
,,0.43017401982229908,0.4215900054538943,0.51858187960368141
,,0.53650864719036151,0.77681464841652859,4.0697733821018947
,,0.3658664961452161,0.35612892222034093,0.38209791651638531
,,1.6243398421516155,0.35636731753634848,0.34718837665909869
,,2.3535980894516091,0.75184572290778806,0.3510355429216851
,,0.36586316040723721,0.53917553387287354,0.34692876078751489
,,0.46199927723861323,0.65334166358304113,0.34737420607791319
,,0.36517577429988041,0.38065004208556052,0.86431195052230469
,,0.52273195793996796,0.35548813254235628,0.40409566229498711
,,0.72979325837758879,0.87925465010270976,0.34771467552765772
,,0.36711737700620461,0.3582561595773277,0.36308557875165581
,,0.65331241590904454,0.41853312108167229,1.5252220610645435
,,0.53683075550132275,1.1250345697099302,0.55327516382138064
,,0.61357838290038558,0.35651917177220221,0.58060076710281261
,,0.37084224303869129,0.4468742984163202,0.34647797228741611
,,1.1946859432004211,0.46482135090483673,0.4233884978277741
,,0.45648187516624689,0.7360523147868312,0.45983405080411183
,,0.93722479221792843,0.51463304773038532,0.38135517676755881
,,0.36431364126958271,0.62111060299574017,0.40437457113969372
,,0.59061571775775823,0.636819537731798,0.36791427341911143
,,1.1282292897663175,0.35635103244747868,0.44751730764991371
,,0.36485937015277092,0.4469979695118641,0.35142084069141999
,,0.59759518555291014,0.4203193104807651,0.35433284865547959
,,0.67843212790673024,0.7336406851959193,0.613211420484159
,,0.87113577344954829,0.68632173439806921,0.34874860338355301
,,0.74469145385808944,0.35537037578938951,0.3894101280344624
,,0.63394510944881333,0.3853348139676756,0.42566575750766578
,,0.41680682823337312,0.41049751918187388,0.3607614107737489
,,0.67826059340521916,0.66869707088737385,2.1632510653327883
,,0.51573057580259862,0.41658591648774812,0.36481631394467579
,,0.51545009867225144,0.55644174994005624,0.41199598325026893
,,0.4140324343678245,0.45584963657528138,0.34729536969501329
,,0.44594823406389522,2.6936926607337361,0.34789565684973112
,,0.36573539570130181,0.4245337412679045,0.48034742784170309
,,0.42834020640232973,0.4145458710232714,0.56147126871397268
,,0.50489741005208644,0.57700192261031324,0.34766665150532311
,,1.2012869719696528,0.5779721584146027,0.52751506659260783
,,1.1133713939891441,0.69569725546954453,0.3518187301673838
,,0.39289247850042419,0.69512708361486264,0.60793602086080478
,,0.79701094572451003,0.3944746500813307,0.92606458590593999
,,0.75507145699500422,0.57651945122412918,0.4684831606220029
,,0.96125198512787757,1.4419931149429293,0.36595574261673441
,,0.46207725056335508,0.54441505306041904,0.36102118479403889
,,0.6038996110530932,0.41648773707897507,0.86582532044921734
,,0.62138823343813243,0.35532267251385963,0.39289843594003182
,,0.43470687975177491,0.57687209562959607,0.35408707892342461
,,0.60432800376062612,0.67085067069351811,2.8551196469658429
,,0.38565371762752199,0.92429199527247885,3.7372276813971088
,,0.52978283438801765,0.45779292798017868,0.35743579467502362
,,3.3292964066480968,0.73396819836555838,0.42216681855321891
,,1.6387601360361015,0.40516831577848511,0.46001309527634199
,,0.40517941015555831,0.85488458836138237,1.2087831964955409
,,0.37738710675159459,0.52780028357679409,0.3511146752329663
,,1.9669161905044263,0.40864518967339458,0.3983371944807535
,,1.7521706051283428,0.35683412187733909,2.3580717193589491
,,0.94704715827558505,1.6363936874982912,0.40732448848327241
,,0.42476667795799239,0.40803722854308361,0.3472885977050158
,,0.43877500776552097,0.41643358853287549,0.46240576719963639
,,1.9320446677486076,0.44720596449869859,0.3614260493944817
,,0.77544000443722338,0.3952840134530845,3.0354171270200179
,,0.76591846047386236,0.46607858506202099,0.36511569476959083
,,0.36762936707649019,0.52860144802712394,0.44746698601491469
,,0.48697006806299442,0.89455013502117442,0.3591725541131533
,,0.71453836834076589,0.38371059889484121,0.62851397695959921
,,0.52681270521690815,0.64475650309576138,0.70333129611208434
,,0.64757636784112083,0.71278147076798548,0.43105580804289612
,,0.37579216359788248,0.89387620021353609,0.3625488266869501
,,0.76895440455637343,0.53302980830567936,0.34645505191609771
,,0.92014528875588719,1.4078489271036512,0.3606035549222511
,,0.54512868043663343,0.3800329037444099,0.34923789160792579
,,0.39442552657205959,0.3949134493305213,0.56655069062905239
,,0.4775783218396249,0.35581723988017588,0.34752529560004408
,,0.37667084487108998,0.35673202118395769,0.398790813882413
,,0.68837559533363868,0.78441321598304103,0.49410652078698059
,,0.36441620191537721,0.39374379996287467,0.35140364858437267
,,0.58262315284459221,0.36662136421651492,0.38745360095353748
,,0.37918011827131182,0.41412207567490272,0.44753014037185268
,,0.40107448479119368,0.38205623027582791,0.36526338958157611
,,0.39371764982161711,0.38721098826482181,1.568857023078428
,,0.43799759126054361,0.427125342677389,1.0421006559192514
,,0.76102758864014808,1.1505398067393673,0.46455019636665018
,,0.57342382623270727,0.35463672948298691,0.39665822759717828
,,0.3630693647618588,0.8125004571747888,0.37757652318014162
,,0.49827778541472389,0.41159140237716652,0.34723604188458512
,,0.57975913213821051,0.43663313727310538,0.3560175044416789
,,0.65806926068684479,0.4308444775714112,0.59512615694104698
,,0.369336432658738,0.35598461064502618,0.36732558287743849
,,0.4301707080035746,0.43230193944760559,0.36057037056230501
,,0.47404922005615607,0.35714267587786519,0.35834823728227599
,,0.57340090604114813,0.67373397803930202,1.0559541055941954
,,0.55962875903553555,0.42154488670016449,0.35263816798229991
,,1.0097399667886573,0.42361284526195719,2.8063155911976616
,,0.53319038501071203,2.5794546306945141,0.35858431502124621
,,0.52502174440386096,0.53335156705352116,1.5915940156182655
,,0.51657113472227645,0.50309884883889266,0.38751810692372929
,,1.0478942572459029,0.59275099752037164,0.39177787111604068
,,1.0044398685678202,0.48175394247532771,0.37792238447125232
,,0.4201625395770871,1.0823311996039351,0.40469315578250242
,,1.4010967572100883,0.53033305303541434,0.3572619400008486
,,0.4560973740905212,0.35628850230646331,0.38542864938884219
,,0.36663739688296437,0.41874640368511029,0.77167563427871966
,,0.48877576993352567,0.48662931154759081,0.38822403030303582
,,0.46324284740791521,0.35461205726998979,4.8739346856658656
,,0.77437285625022745,1.501525361848195,0.36043500543803819
,,0.3628937744443832,0.5461608126685249,0.38451141418002049
,,0.39823793157660659,0.52930349210634531,0.3553481262964498
,,0.48503985364694668,0.35348505342825631,1.4318091157904662
,,1.2522867912898299,0.65530513776880983,0.39127338319932631
,,0.36311825051648922,0.51488908301011171,0.3673599181197979
,,0.96077626652871961,0.41513136023573172,0.37302138632651372
,,0.46328936809083388,0.78700224442116362,0.50981140151210713
,,0.71247197222908543,0.43588572285776889,0.34553284114759503
,,0.51890141934100209,0.93513026727616921,0.85848844932386681
,,1.4855842787943729,0.42021789427516432,0.35282893503703677
,,0.42084928058234661,1.1928584552556831,0.40217441431905948
,,0.75883946671820679,0.53319194527999647,0.35623535730324701
,,0.43101394382673019,0.47547224002612298,0.36351633585902487
,,0.61977603449069651,0.54905211290599609,0.89265623750132117
,,0.40727152430908409,1.3914252696079397,0.34629619763273939
,,0.38917541766814812,0.89846617158347586,0.34871769686201293
,,0.36870132982392201,0.40975841678583619,0.41310033756956771
,,0.62793320871134828,0.35368795239826978,3.399643220331646
,,1.1444357288235809,0.40768577218686591,0.76637177894651543
,,0.41215826756549068,0.5760533020466484,0.36046053001150319
,,0.54417824889484112,0.41263211850378628,1.3621422657098976
,,0.41801534690870379,0.35367402290139938,0.3453977599008714
,,0.50269820112683816,0.39749301271702941,3.8410823090114863
,,0.62371376620664698,0.42301386325981388,0.36309464700796179
,,0.3629283350571445,0.57860264335748912,0.42116219525084081
,,0.71302115948000289,0.76316471453655021,0.35339895055435838
,,0.40625241313182259,0.60059734775724705,0.35748128581654542
,,0.4064056627925855,0.69761932389765846,0.45018291535095051
,,0.87224229514925355,0.37220829446936238,0.35262013523516111
,,0.3621908899388665,0.3558536159484923,0.34571740043819132
,,0.4204604739843163,0.6208160916627341,0.45122924031302791
,,0.37747022952351139,0.35433201728105468,0.5436098024847138
,,0.43470560911207939,1.0308823157226989,0.34787118142358109
,,0.3629037810130375,0.51075058902703152,0.48642694682062337
,,0.50277095344181322,0.37450267658862157,1.7082072851403971
,,0.36252624065581501,0.35793957975042617,0.36643109131210078
,,0.4351758721468702,1.1816877840988915,0.51586451195802763
,,0.41360724900072759,0.56544557252107774,0.38261632502982229
,,0.3981216638092942,0.55993333072527929,0.75851272818216775
,,0.79034128632826395,1.1132727838399172,0.5405800081108042
,,0.36236029313997059,0.7980965058423356,0.34542744390368302
,,0.4347255733809674,0.77481758051818761,0.48554558125554759
,,0.54921674283689303,0.40833948785706758,1.0457693301407691
,,1.580385686819338,0.47181606084616101,0.38054808058906248
,,0.44451130740553357,0.53380270616170034,0.4517700470222234
,,0.99795048290350274,0.4150786016267522,3.3631677989568192
,,0.52789542599439454,1.0932312690813637,0.43658838931009691
,,0.49955783340927712,0.67329195493671434,0.93627110723561158
,,0.38348564407696439,0.51938208201134994,0.42908085866109469
,,0.442854859934603,0.36969520367773429,0.34760129572817611
,,0.42553685539040648,0.79785145724045126,0.43514606151599311
,,0.50674693293244533,0.35389531162514559,0.46636005836467082
,,0.99563173167417685,0.35316848492657238,0.46154297300500757
,,0.36642799741256782,0.37819935358694501,0.39297726001298311
,,0.39418308107357458,1.1739202461968834,0.37356142638591988
,,0.88485202068781676,0.57578056089767549,0.34849836021504921
,,0.49396780886213931,0.46118851203115407,0.36452547135197572
,,0.50364382088151294,0.51473667179696436,0.43418307525919719
,,0.49238214635057848,0.67088125972822044,0.38092248574748672
,,0.36392668895445512,0.68101918607595868,0.93594239356074815
,,0.40821295646086059,0.73297979962627091,1.1925886728209516
,,0.42936263488316267,0.58467224401527218,0.35743449571357139
,,2.4106812777315434,0.88670018055221467,0.42282000471943187
,,0.66291558389347882,0.63350410416312086,0.37747700998753231
,,0.36324799192574919,0.38376420585641652,0.50027868991525959
,,0.3993976367924012,0.56217945638093392,0.43559728578258328
,,0.5016320492563181,0.42049369940248521,0.38581382422110011
,,0.39678367675245069,0.77875412159561053,0.39276017672579189
,,0.36144531844244632,0.51768372302627996,0.35944960357640748
,,0.38337438783743738,1.0566580362444118,1.0979107620918611
,,0.39718116340851789,0.44396593409371993,0.37596328805332979
,,0.36121403755558701,0.35312269948332348,0.35909050766667339
,,0.59387002539078138,0.98628388412427159,0.36904854116077079
,,0.497458758859885,0.39639949851656497,0.49698754286559549
,,0.4770950942877149,0.6361607981300349,0.39385429495757868
,,1.0698204922071439,0.35250385494949948,0.55179794880785316
,,0.4446699648774175,1.0329504144888524,0.52521097994233601
,,0.59492651696033683,0.41236248013336069,3.2851488394976167
,,0.43081036767823139,0.56242814791443196,2.635402799826994
,,0.3610342379535742,0.64813620834170316,0.59020309973126672
,,0.36363617295617118,0.4137312749577744,0.35377579676553839
,,0.45935783808575781,0.62629178251348228,0.37612094003295482
,,0.3609234893378192,0.3523712854370869,0.35508929085237151
,,0.44254466998519287,1.1596455940481405,0.43331180485329818
,,0.6090823393963849,0.4174417905632572,0.3453164677564638
,,0.46074570355631611,0.50593322660178119,0.40432720877793371
,,1.8429786932117984,0.43110858229812749,0.34815966013273059
,,0.49252604803682282,0.83160313050922863,1.1499014298809775
,,0.63688246657357062,0.70584846417259683,0.45233644183656541
,,0.37671507386387643,0.35446527416087348,0.39460146767426718
,,0.39660707007797807,0.38353018827306018,0.413592108211148
,,0.36239481903951037,0.4740851577688599,0.35445589011251732
,,0.43938589052053018,1.3008211955331981,0.49053514448648478
,,1.5263419811795516,0.84164587668442814,0.36512011312280729
,,0.39464390090499252,1.3533977554636665,0.40489339830207199
,,0.63225989241371794,0.52556160417232223,0.41672677225186711
,,0.93032905923468423,0.94686099358445719,0.34961529986048001
,,0.44856481242332708,0.508946077852381,0.4416977318424819
,,0.98379927512245602,0.39222479118665271,0.53828771518429785
,,0.8292439641310364,0.53101709870984937,0.47466641695675138
,,0.92234579944930084,0.54090591878148864,0.82103413201334008
,,0.59241594261539055,0.58825767222765646,0.36811537663387128
,,0.54383775442565185,0.55163431264923335,0.3808111768589475
,,0.50197865889528603,0.52998151580303954,2.5901305462771349
,,0.38894152948992078,0.60461417638477766,0.36447192380906779
,,0.36080671755145,0.42351425674832022,1.1033850011761519
,,0.55576213386923268,0.42188464579765877,0.35710857216629949
,,0.39229145198052168,0.61131274952099279,0.44561629152930982
,,0.36065662218906208,0.98068693991100375,0.3589160417725405
,,2.2869418094960583,0.35204518330058848,0.39827838771149982
,,0.62455463222201213,0.36734455306951919,0.3459116035632247
,,0.66756357415399581,0.41176723903224149,0.34535417098876331
,,0.49274895159185461,0.36484099311776558,1.9686088551671328
,,0.8336878859166672,1.1934012612522686,0.35466689923148947
,,0.3900491781743054,0.49720568259954279,0.356667073112162
,,2.2765510480323594,0.39425877424707939,1.0186168134757654
,,0.8730391433021647,0.51001819767105205,0.51469416250185351
,,1.3361930505717776,0.40010494572316879,0.46261185931703119
,,0.42174692223025068,0.40600975029345499,0.38477482767287602
,,0.36186384706193769,0.89768173074139535,2.2507534635340987
,,0.3910363454659368,0.60169660482583209,0.36811633372638169
,,0.4445852125212722,2.3057119011890612,0.38487309463813968
,,1.0639189299604752,0.36608782591168482,0.42996454763695341
,,0.36071864455732888,0.4263229883679287,0.34506688954313119
,,0.387109723933238,0.35262581810458571,0.76521973091327322
,,0.36036003605553568,0.44710326641733428,1.1871383921422654
,,0.72364934853840313,0.96395020331850723,0.36108664106663879
,,0.45630777127599209,0.38674319248525008,0.3449148489049394
,,1.3794298804328824,0.38076445682666638,0.376951798247186
,,0.83197645151239952,0.35160230174784018,0.46743769007081981
,,0.437874047851804,0.35149800824857241,1.4963207658293265
,,0.49772064920778292,0.43221638900443998,1.2125425055051786
,,0.52096689179594191,0.65065196390428348,0.39484021498449662
,,0.42568859224574579,0.56169288429497755,4.7690679019239122
,,0.36430989447411688,0.35395188170753777,0.35903797549845351
,,2.2359658714742205,0.57733219545831227,1.0147232972157665
,,0.4854690915918749,0.41201103945944889,0.35161543042966092
,,0.49312066494402718,0.59085549896139367,0.35257836319078167
,,0.54830373865631987,0.80490801897831421,0.50723894307207507
,,1.485723128642898,0.36015202884799591,2.9155559292717905
,,0.41967831857463239,0.62343402403247061,0.62805024629490658
,,0.65722447004025786,0.44890245384784738,0.35828883482768059
,,0.66286638364509942,0.37053496822305187,0.39819328217582839
,,1.0476374391923675,0.67466565752758889,0.36228733786180978
,,0.55731763722376937,0.38182227767308491,0.36916859158344001
,,0.41994581378708562,0.36644848269984859,0.42751246189127501
,,0.41812721333657321,0.54129102897252701,0.41557232643102121
,,0.35994535676630179,0.80768174138376214,0.3905274057771646
,,0.4477125336434426,0.45178906188735263,0.52379131371884846
,,0.51719517760315348,0.35149300312939519,0.38011498515262399
,,0.4613730234395762,0.38789097776928821,0.40555532984403869
,,0.36209465761923543,0.86805546167814485,0.36194346384938741
,,1.0712001329873446,0.35126483888752369,0.73465551305053356
,,0.86600210805616229,0.39564179623845708,0.35108822243134441
,,0.41318404600836728,0.56794327657575061,1.8402010576947976
,,0.42103448857687259,0.39018578150143379,0.39775911238947281
,,0.85429997205190511,0.4996473080379587,0.43381002378242828
,,0.4376486027349481,1.0853924710337317,0.60872901040729221
,,0.36105753640670818,0.39991084503334129,4.3407489230531331
,,0.51731804037985896,0.67799223411051357,0.35104689808729411
,,0.90596124445113657,0.35353012954593699,0.42150294821240009
,,1.2041353166517133,0.53869343630814825,0.42387332762700608
,,0.35996385870656838,0.5128771951849751,0.4224467170785221
,,0.54917157419120521,0.37810500826962179,0.4353905700048758
,,1.3127217071388335,0.59589350291452892,0.35988352532452172
,,0.41198469608541061,0.74902741468645861,0.38350676201508499
,,2.5102693501840143,0.49410283985763148,0.35872048260631129
,,0.83518119968561078,0.35124834954343859,0.35473247692804799
,,0.95094926233285459,0.3731531843534166,0.35754193221397262
,,0.72369010264655564,0.35950324030146241,0.36187133697164692
,,1.6303582227962783,0.35109119295350938,0.35664233554459912
,,0.4000149794500884,0.39001629530540149,0.37983987847983358
,,0.37828150291873358,0.36016057322285921,0.37896056928770028
,,0.61275612503613341,0.65693951483999902,0.99159314673515542
,,0.3954007746491916,0.70109465962110362,0.3855886607184702
,,0.40080274154252538,0.41830571546343032,0.37678827489434658
,,0.50442724309326847,0.52814544886390147,0.48290212513708031
,,0.96209589176374255,0.4221250734626697,0.38346146405855941
,,0.58260070874545,0.76672864296164034,0.40074340831538052
,,1.1870393611807155,0.35088357906486539,0.35873555629373621
,,0.36447936007586201,0.83635391527887581,1.559038408674942
,,0.39188138939672129,0.47936961188112198,0.34552008277276358
,,0.4053095414808815,0.38911775136196119,1.6238681178499377
,,0.36134012915019997,0.56306391612594264,0.34564940809259997
,,0.55150105093943336,1.0264955917138008,0.50316533128355745
,,0.4049440035750182,0.35115988663561948,1.381973421958357
,,0.44059123236055447,0.44268790887055598,4.752846860813607
,,0.35937307185956441,0.43896239647526769,0.4035369457667986
,,0.41500813611945558,0.42302867318958132,0.41687280548782951
,,0.40892721254256709,0.59953599616783615,1.1415065124420836
,,0.3745913936944808,1.2828486135262422,0.45973292979974079
,,0.73945525532532097,0.54133654449290758,1.0158080227246111
,,1.0162970497703352,0.71844264777031031,0.34501218269793937
,,0.46544106495331811,0.68371795346718212,1.4328305987547576
,,2.1087046926812194,0.59702874166704301,0.41293724767785828
,,0.4285165617524278,0.35081055540256911,0.38033674556060598
,,0.3600735994359795,0.98201366757293485,0.34728271181393788
,,0.40090336115554459,0.63200271728479851,0.39588821556930559
,,0.66423190481080652,0.3859906904407206,0.6104063718488919
,,0.4066564958284376,0.38852259695651681,0.4608877488048756
,,0.40770048581641,0.3946283698678808,0.34483209813866461
,,0.54188478589230671,0.64353445285706112,0.3516797220387044
,,0.36101443730426341,0.54483165777324261,0.34446684930435201
,,0.42572919096847489,0.74866538827178464,0.3577094813995505
,,0.4071337001034136,0.38439897616748281,0.46773470316647181
,,0.42071552843871191,0.49154964138408569,0.36676819019546492
,,0.6623845677663952,0.41223487833903188,3.3109898649920528
,,0.35926633207779141,0.57650065919463778,0.38633536492250442
,,0.46213123300670328,1.2767383129785164,0.38675388445573511
,,0.35920763322870569,0.35157192787347208,0.58904767362007149
,,0.59354647286866846,0.53926731242065407,0.83517664671422087
,,0.48737940200520119,0.73331234971085979,0.39101244620301479
,,0.82256506532156115,0.39630976905216819,0.3668858000207757
,,0.41842672233692801,1.9929328173761605,0.79781103082757143
,,0.78740120128371183,0.35042388826497811,0.4067423009681993
,,0.41564575388450858,0.35107776933695911,0.3468583662669526
,,0.38241604822121922,0.38442158652002362,0.40864376826699839
,,0.50486928891296678,0.38686328841083589,0.50325684834161011
,,0.53913331135501252,0.46032330028258239,0.36479251661563472
,,0.57786840642133397,0.35114434344037648,0.35286566493378069
,,0.59675920128804649,0.35064833285704949,0.41523384727584461
,,0.40291105444386383,0.44144574129302799,0.34732483010297988
,,0.44930048797198813,0.67116659288528546,3.2387060377169714
,,0.83093218977360783,0.69823601082846098,0.39268270277045308
,,0.40314990685864621,0.38382051653673238,0.51557924313889936
,,0.41833289236097237,0.35269202746205452,0.36624003475819028
,,0.53473324747738538,0.4027304223760777,0.43603052825484218
,,0.7634468279753357,0.39739414203664969,0.39169064844617307
,,0.36374329083045698,0.69951595782552412,0.37961152008684751
,,0.35983072901312679,0.56077526117360843,0.3826414550320747
,,0.63257437110835324,0.49485971594534039,4.9493662545602026
,,0.38706870182649178,0.53872834222376464,0.54994985267107466
,,0.38695558129409141,0.40755555499085933,0.36451654425004848
,,0.38574937610229582,0.46722741129557899,0.70038422601014438
,,0.36144121814314889,0.39363224434333161,0.36303173679701289
,,1.1579517359010163,0.35008542918754099,0.51964255206551357
,,0.36991190380750377,0.77497555592396739,0.5889949472269137
,,0.48765159023992471,0.5991965459985692,0.35447146661864359
,,0.39512144532648319,0.84249154745794064,0.36126169283528198
,,0.77663092294533453,0.47632212773759569,0.35662805817937182
,,0.45982785963754857,0.50840184604086125,0.34492706090012809
,,0.57772035470996519,0.35120331329696658,0.42007840976346289
,,0.54664523510963425,0.35009386817413007,1.4906474712446718
,,0.60149429926355935,0.5099719857768531,0.43609312266157307
,,0.70986097999455788,0.98447104400282082,0.36249008621632789
,,0.37397317309906708,0.35887787517532799,0.40484338401436287
,,0.52920994410389999,1.0811256704942875,0.34527251447634932
,,0.38978678968450009,0.41396326191612598,0.63159809922692367
,,0.3808247047304969,0.35340817824441328,0.37242907141110121
,,0.45701938253652119,0.62757783010920243,0.35513403531310528
,,0.5750543036639203,0.73068655858090936,0.47634580980597641
,,0.44626947574088383,0.34995584075867592,0.35686927754389869
,,0.50981218447427046,0.35057864890759127,0.38330805016403469
,,1.1721583851567434,0.9081854779113876,0.49264687483942893
,,0.38271367957032248,0.3706722433711922,0.45928853426366822
,,0.58230897568891704,0.43068017752124299,0.90698009472379282
,,2.0537807698668891,0.4864836430354732,0.43611909304439572
,,0.53751320364848332,1.0459069527970275,0.35529656272940158
,,0.39293693807456198,0.39988465714512078,0.45751284519880409
,,0.50673271128177377,0.65528126673596732,0.48767159357040901
,,0.46490577879039902,0.6058212738337001,0.36013746381105888
,,0.48388755428179731,0.75662352635623542,0.46438128117135502
,,0.40406522514806581,1.039396744389403,0.4626724943523321
,,0.48807838180517371,0.69062749148353375,3.5837861018249058
,,0.53347668118550351,0.3854273354508142,0.36005278017321452
,,0.63744205340793036,0.51360722826754845,0.35976042082920873
,,1.4865829949461598,0.35031897229858872,0.78122525861331538
,,0.93930684613815441,0.35002912056348728,0.364079530818394
,,0.76328138034948345,0.35044295648138318,0.35645331229315408
,,0.52879506906659024,0.4034605772460203,4.2994244444673981
,,0.3770944164912764,0.49683206649316941,0.62836220864546588
,,0.58583327920231909,0.50902267337564167,0.3462139429540268
,,0.35788430475755229,0.66537931969612774,1.1991598066848883
,,0.42493501135117528,0.5332982611598549,0.3600387715443879
,,0.42471695192200137,0.39969650295479781,0.35652604464193799
,,0.39841002002347797,0.90830799990539635,0.3459493259244768
,,1.072208680438592,0.34938894584863589,0.35728560671632459
,,1.0073812071645865,0.48304073116638568,0.70045686206164193
,,0.37175537753634857,0.3495174986989889,0.35447464822629049
,,0.46197123612635588,0.35939825853315388,0.43988627253255569
,,0.38620450967706421,0.40692761299818381,0.41502280283513349
,,1.4573290165179729,0.53382756625394978,0.69593617196309954
,,0.52036700436159566,0.55697533586974202,0.38165186926649269
,,0.64005971905768133,0.50493016280280756,0.35512176161788228
,,0.67311606729822593,0.35289452095061657,0.34865935170098061
,,0.35806115542221739,0.35560195313924708,0.34478453751696581
,,0.35795609289777702,0.48049617539875561,0.44529398477852461
,,0.52659034772903213,0.38582547086990471,4.1580172836368714
,,0.59571260575656482,0.35062860366040072,0.39975513554879211
,,0.35756525971070968,0.34948207728116099,0.41043067117491289
,,0.35746630225065418,0.37292217726236843,0.35607609230620241
,,0.4058402104197335,0.93221381948660376,1.0935573009209263
,,0.44524386221273421,0.76493067824322714,0.35649663514004398
,,0.52195482789971359,0.3727539505863518,0.51001716309012146
,,0.48748008615461391,0.38839775560072998,0.37175387168141449
,,0.46530930862544129,0.84861905877252974,0.34940739334851439
,,0.600329281961832,0.7095046198987397,0.3655755847342439
,,0.55232929641705275,0.68852817210195405,0.3441607975600311
,,0.38173442479699649,0.68094908947194599,0.42279276443102898
,,0.3807120311567484,0.34943564910370378,0.8991402652857724
,,0.385531171895105,0.42002377393910267,0.44440079283210288
,,0.51854083199096901,0.39779896476146792,0.3463260069534409
,,0.42050697086158129,0.92441166387140439,0.35482827357481111
,,0.51008478160172133,0.35074672594503981,0.34596837915824041
,,0.44039404484801142,0.44816317066145561,0.46386185708195932
,,0.58080494775112468,0.96384629261065458,0.35845636751264143
,,0.74736160251421024,0.70618245176998529,0.4203888403419121
,,0.37840171675259698,1.7131717890459821,0.48403779375122569
,,0.7843445952979593,0.38221249518746792,0.3439505556882862
,,0.57915365253907181,1.0149253877855906,0.38961285496944859
,,1.0232513654209123,0.37003488728084799,0.50912179564653226
,,0.47354066260490618,0.35175041004246049,0.35725665418520069
,,0.91951713990398043,0.39983908208555491,0.65850641914698438
,,0.58044961692343,0.51694786727006881,0.3848561275568978
,,0.37297608526452081,0.34905831612742438,0.3652367428784779
,,1.2042728582689921,0.36201710299110018,0.3464583541576064
,,0.50425196757144386,0.39854503693426241,0.38161925881404518
,,0.58103043863371862,0.40362258950098251,0.45389114333822761
,,0.40172856334091539,0.45567172349005808,1.1667766307772065
,,0.4733184335579842,0.35013087519522779,0.35127834699271221
,,0.35838416897536068,1.3469575280116839,2.3709315181804569
,,0.40980796188872948,0.37204507102231621,0.3501313232478776
,,0.51468020671844705,0.34882758326793523,0.49062686758814761
,,0.4127096772125125,0.59253223011450962,0.49650441625310132
,,0.35692939080386871,0.4121657319793644,0.45217748819444342
,,1.1332553781528474,0.69900624083537621,0.3443105973014372
,,1.0455998497738386,0.48546515846023719,0.81924522128792043
,,0.43458134983764563,0.41021736244278839,0.39082472826716458
,,0.4580164069860575,0.85017772055477736,0.35236004333635212
,,0.42338203898920829,0.43831087220409309,0.3606220799978142
,,0.4118769774549122,0.53631810740074315,0.35611435684454917
,,0.39272255103260267,0.3499420169828471,0.4017197950916368
,,0.37316544901598792,0.7265363091477377,1.1895815411529782
,,0.40587317927025252,0.43414654683202081,0.35922526289325968
,,0.45395698003537488,0.64390283021991135,0.52726522690974431
,,0.57779653131647801,0.40543958766635652,0.92846367772938565
,,0.65847300398262198,0.74143956159649416,0.45991512943494178
,,0.59839710739206842,0.3769157724994433,1.4531710307656649
,,0.40976785102369018,1.1418674894199321,0.35101738017003381
,,0.42527235876557201,0.39068471041036262,0.40732427575600938
,,0.54257889695191119,1.0162909714656181,0.43323427372456208
,,0.42337516568612749,1.1005652105356281,0.35971638272849432
,,0.57495501325543252,0.34896283737307049,0.3436140067955834
,,0.4916722920521765,0.66894287879237113,0.35870844283741221
,,0.56833397403705088,0.35106945671487882,0.37154164023976571
,,0.73488868593638312,0.72942919607440337,0.392320006530544
,,0.41592359870911799,0.40290132238607829,0.35711544401884382
,,0.4508736889694982,0.65312122598968347,0.50752752925569644
,,0.59356352611700569,0.3498627444712773,1.6917797527484739
,,0.44395541462015969,1.4044041835903844,0.36684642930477629
,,0.47145201425884159,0.61738790806077726,0.35537978888200872
,,0.49719462928584501,0.4185593168506262,0.3830783942344993
,,0.68164487396815199,0.80148291545894301,6.0392968701256162
,,0.39184429134990922,0.4432015886329046,0.36670390618294268
,,0.41172744735017808,0.43944485608564621,1.408156431312223
,,0.41138421816999848,0.53940552809866182,1.1453100134678018
,,0.41024574471393999,0.39541638138895419,0.38602816991797329
,,0.3717504319927224,0.55239427795925,1.014317318043928
,,0.55040508364675533,0.37909819028477493,0.48829773077710398
,,0.39879633224642469,0.48383548476758098,0.67589579253261034
,,0.49431114638873669,0.34887216997483028,0.36397520907291031
,,0.45191554552085789,0.85259281063739767,0.53580678497131373
,,1.0142933681303106,0.44260998841968202,0.61643617878208767
,,0.52645716592881397,0.5693686592510524,0.35616193873221358
,,0.87187286588187896,0.34916442368641648,0.34359076995719889
,,0.44804792845039171,0.38202991910520301,0.45263125188458198
,,0.71420808269418867,0.74709078308276189,0.34412571585189
,,0.44006447498359119,0.79482244365939314,0.37962353529402859
,,0.35762893003993901,0.41070864290612707,0.35657467745065619
,,0.59009419810791552,0.66697199957474385,0.5010177554150842
,,0.46282670238060619,0.52574815691687005,0.53943479997111865
,,0.50859889260436264,0.52086357496647906,0.35915972806992608
,,0.4195019838866374,0.43248420001663129,0.7623110041800325
,,0.52050774771127606,0.39892419615232,0.38741887448334722
,,0.73528760355860123,1.2834209149200251,0.38963173618748181
,,0.75881206492607922,0.56909676295192457,0.3952413858706843
,,0.39388902352832877,0.35088153226159852,0.46288002296400271
,,0.35653974317014958,0.3490687642456628,0.39979799964129209
,,1.1199653311516868,0.35090674465332639,0.38760055412155109
,,0.46832996400898269,2.1997238484439792,0.34350365520827369
,,0.5697747143121471,0.3839201964725249,0.3500848820717854
,,0.45139041867361013,0.92240484371593456,0.34364186742082009
,,0.4583222701860114,0.94185642753290677,1.3447918836446204
,,0.55831080080269702,0.57944148260750039,0.42391877064120209
,,0.47984815187532581,0.64708040176849846,0.34566518402166041
,,0.40700059916423798,0.34869748523791771,0.4193656081781848
,,0.41042161434065572,0.50941315534419096,0.34387873131794061
,,0.49156845094733331,0.38188341928504388,0.40286998315581779
,,0.50045522291168421,0.49730332876652689,0.3545452640172736
,,0.4301857405987724,0.7108478650855331,0.55542831216393318
,,0.35868226999203973,0.91281736359007104,0.5056919268104676
,,0.53895906904633895,0.8322883095915915,0.35276259461348081
,,0.67447832992797851,1.0068575363230461,0.62494145906324106
,,0.81937161814266168,0.3756103238488574,0.3435962820140801
,,0.36756098359655448,0.56979914171867785,0.35769076474608957
,,0.38332091213615538,0.63889952708740871,0.34842460876785908
,,0.37207097405889128,0.37630985599078148,0.34359915426318349
,,0.91384950655566877,0.40990670165863657,0.3873878884832298
,,0.55294633231679047,0.36247646724276811,0.77654606253959957
,,1.0537205545454038,0.38519717861439118,0.39654857455707682
,,0.63334205771458352,0.3941426988595047,0.35237970878826469
,,0.39563943383603167,0.60262290604811952,0.62962478259797527
,,0.48820198927051139,0.46490617933248568,0.35954950943448721
,,0.62176098573271632,0.5198039250461689,0.35770880601766258
,,0.3611461499191484,1.4062886580633809,0.59157956374656984
,,0.54125195964737749,0.70810169091900255,0.3806062915672288
,,0.53039512071257522,0.3500886769697395,2.0710489207658718
,,0.51327920202401744,1.0977650394057146,0.6268532088779748
,,0.43759392321150259,0.49743725237195963,0.35490001747615069
,,0.48019025942719729,0.39268977644400083,0.3891405716171516
,,0.41611170165361722,0.34845391214461069,0.49696161292405011
,,0.35493774400368872,0.60150787609573431,0.35418955629823751
,,0.43940228735330572,0.53734799776919084,0.39426273777690768
,,0.98023899303907325,0.34845509846575101,0.63547064448335477
,,0.41215362017735258,1.0154051647949294,0.3570728663259789
,,0.48786887723641142,0.50201433029723297,0.49978886263039701
,,0.43941040787428137,1.0772364059752269,0.3553479635851079
,,0.481368972611047,0.39877014980211289,0.34758950158489338
,,0.39480038832383901,0.409798972921876,0.34584299162970777
,,1.6911511348315051,0.36252881508985318,0.39615772627919571
,,0.35455676862781782,0.3874535703212339,0.43217190877102629
,,0.50260738016599704,0.45755510852832121,1.8653128451771079
,,0.53243023902252951,0.38509136039299902,0.35169864959305408
,,0.3860397447549625,1.0765610091253004,0.56714350986715256
,,0.3674321854163754,0.41324429483660208,0.42623997268583957
,,0.3698938784083885,0.55350037046657263,0.36022535823789759
,,0.83684416863504174,0.35291943517337371,0.84129890104854177
,,0.71408009351831336,0.50596725979124924,0.46916635313070038
,,0.35536492368164729,0.63505391764886998,0.4292289647136367
,,0.3994936302181048,0.35010204015578789,1.8776966042625585
,,0.56990225325740063,0.52278921974564929,0.46039779774761552
,,0.53819600811521939,0.50886320990719669,0.35919604805233579
,,0.35628593608051529,0.50400895839865945,0.38252399669177489
,,0.35503389834280591,0.4779528157006126,0.35554618595873838
,,0.62329682243050633,0.34855074469249259,0.38265020165115121
,,0.35480065427813579,0.40099228375668289,0.46045932581748061
,,0.40048135836671112,0.38547165290276569,0.3483621896794914
,,0.66114427122677721,0.5207168035575136,0.36398773487031238
,,0.4967340844635646,0.34931140623233858,0.46174057541011321
,,0.39552878523490032,0.34936681895269728,0.35514674262561491
,,0.84900129387381806,0.9593819727041486,2.1801361741550465
,,0.40457102675449841,0.3976021342843834,0.40693009905713629
,,0.74653859268484934,0.92303355156813505,0.34643372821485419
,,0.39712172858213329,0.40477764835090257,0.44154360556342009
,,0.35401526055452248,0.39212286569017307,0.38991279104371368
,,0.50144411142689194,0.37590899997089522,0.34544973591841488
,,0.57740791858248319,0.349073842903519,0.39621718535336659
,,0.3715133542053034,0.36497799518723761,0.44419343465293681
,,0.53406849057713135,0.3954880882951548,0.44669311476903611
,,0.35514145968248229,0.83056333851833763,1.2201337519635873
,,0.8234407958870148,0.35053675779798121,0.34338882811638372
,,0.93412280576895756,2.4532350028159531,0.41955910667348068
,,0.50891331543256069,0.43482370463606279,0.64593795790003472
,,0.35402503368608568,0.43236511555976959,0.39405644257473499
,,0.51978857926333477,0.47723331682216708,0.37124201079650632
,,0.83525841291452174,0.42189486495710887,4.0682145343267324
,,0.40623794656523687,0.75687850198649576,0.95029384522548077
,,0.65861787012445649,0.56215978005983047,0.41791052709255549
,,0.47683498601119167,0.34810257443048098,0.35873664114079939
,,1.448048429620149,0.45200841919254009,2.5957524410904207
,,0.56451000638669602,0.42205238381908738,0.34359553220118921
,,0.48261078955181858,0.38148652682802042,0.3567124197576218
,,0.49067213371292778,0.34876396940794141,0.46856194885301661
,,0.35774549759712398,0.52889656949460551,0.35209424436171732
,,0.5041578862978956,0.34819418360909332,0.6518126187149339
,,0.63791714245473186,0.4922517976582807,2.5963657069860138
,,0.40214837849316581,0.4126054195312443,0.34457918447583008
,,0.53345183013681163,0.39144622147378932,1.5516046140252939
,,0.35446232501150121,0.35145714396116717,0.46408538938662591
,,0.43093179065417059,0.50193556764459779,4.5424039256577284
,,0.69192432392655101,0.34837173265366528,0.34747749690773938
,,0.46393639461551889,0.42248177602727199,1.9498092318568427
,,0.40132455983483789,0.69864414681454146,0.34803349750682261
,,0.942392391626801,0.35080782206841898,1.0848284863332451
,,0.39664637935762298,1.0078534910839558,0.36635768959511678
,,0.67133553351937048,0.78077856791578137,0.38421208151869041
,,0.48359802902897742,2.0811373249916651,0.52016350666470135
,,0.40356521609723151,0.3486497975413822,0.35073961705225021
,,0.40975920225143259,0.656194945044832,2.1909169134196778
,,1.1493580833568766,0.57863463954673722,0.35634310240064948
,,0.35359497620913638,0.36997154937303861,0.36265155142271183
,,0.35367150341820219,2.1175806668254702,0.37522259413977571
,,0.42271035603899321,0.42365645806671792,0.34362137805048582
,,0.60704853861271435,0.69976098049516366,0.49298997557852231
,,0.41238861451001679,0.47197167518859312,0.34394467444283727
,,0.62969471474521654,0.3908679794058505,1.7854809097287463
,,0.81350869246317203,0.49673387864724639,0.4836244498568702
,,0.4821844614612068,0.48999843694502909,3.2790686017476158
,,0.93214397475423838,0.57783484038313349,0.51339582434615272
,,0.39146095064804159,0.45064060926850019,0.55509934487031576
,,0.37928470668377001,0.69064197785944637,0.48838043900160849
,,0.57156779659611501,0.74536727770735922,0.38261751805472649
,,0.90876413428282443,0.3700817401454472,0.39924836120318941
,,0.54014829711094459,0.35992157852464812,1.4609589048868596
,,0.401582143355942,0.84073446080674685,0.55498221590379493
,,0.99636641690205785,0.36287181603729951,0.4519142546894272
,,0.54627007960265184,0.49262645726428378,0.35810909423195542
,,0.37579536327917989,0.42075778966547622,0.4147550808409794
,,0.35308149374891917,0.50419421450948498,0.469225732814396
,,0.39183303098083738,0.50747567649432379,0.3845075960276263
,,0.72072589249092811,1.1255470242041763,0.34449426264977978
,,0.49973995862213771,0.34895364635963411,0.38595656128434919
,,0.54618491003934788,0.50559869696020843,0.62428156602604834
,,0.39153978245865939,0.41243118999831607,0.8401017801992049
,,0.4217512531414922,0.59522922500023567,0.35158041341236901
,,0.52973460911429193,0.69226952577593948,0.37197098068828199
,,0.56236688211158792,0.48227704656079901,0.35157836555635069
,,0.3637795054984867,0.34860587496722878,0.374261804676564
,,0.60378953658943602,0.35068864965690433,0.4539583439589468
,,0.50854206977192051,0.49796588816142029,0.40118844275546311
,,0.35284243044916819,0.81457967312063417,0.58261107997642048
,,0.49236301615999323,0.59866613861405504,0.4851170162256549
,,1.4013970189557503,0.48598925501234641,0.44799993377795738
,,0.42091045569851038,0.38570325908693182,0.4952408165436113
,,0.53859216546030753,1.1669054401614296,0.34734905192234988
,,0.38196736620456068,0.3483110893202952,2.4275537959802969
,,0.53198487638395564,0.91522977480820777,0.78411704534029913
,,0.35336582140215811,0.34948234626824948,1.0144939109427515
,,0.55888223824119576,0.50331544351618041,0.37237039991118609
,,0.35290184994356649,0.42702159706118031,0.4332380448318448
,,0.82176724985870409,0.36990713812773068,1.1942549322206302
,,0.53349372365833847,0.77500823438222932,0.38629803101300558
,,0.83543024673960053,0.34885134740947238,4.0311501038950466
,,0.521552637901326,0.50632711936230423,0.34438998475644289
,,0.37542370626757388,0.48601970270386452,0.359735304530308
